data checked,treshoold,Number of features,Sr-Nd,Layers,input_size,learning rate,Epochs,train_acc last,val_acc last,test_acc
Y,50,45,Y,4,44,0.001,100,0.8905,0.8687,0.883239171
y,50,45,N,4,42,0.001,100,0.6997,0.6734,0.6892
y,80,54,N,4,51,0.001,100,0.7133,0.6709,0.6848
y,80,54,N,4,51,0.001,500,0.747,0.6771,0.691776522
y,80,54,N,3,51,0.001,500,0.7394,0.6815,0.692404269
